patent_id,source,title,patent_date,company,abstract,link,ai_blog_post,generated_on
GB2575034,EPO,Hybrid vehicle satellite navigation system with integrated contactless payment processing,20200101,MICHAEL OLUWASEUN BAMIDELE [GB],"A hybrid satellite navigation system consisting of a Bluetooth (RTM) transceiver, 5G/6G (or other Internet connection) transceiver and contactless payment transceiver. The hybrid satellite navigation system will work with a new breed of satellites designed to facilitate wireless payment processing via banking systems' servers. The invention relates to the field of contactless payment processing with particular focus on in-car or in-vehicle contactless payment processing. This in-car or in-vehicle contactless payment processing will be facilitated by the satnav screen in the vehicle and will work seamlessly with contactless credit cards and contactless debit cards.",https://worldwide.espacenet.com/publicationDetails/biblio?CC=GB&NR=2575034&KC=A,"Step 1 Assessment: YES — This patent explicitly cites 6G connectivity as a core component for data transmission between the vehicle, satellites, and banking servers.

**Step 2: Manifesto Principle Analysis**

This technology directly threatens **Principle 04: Anti-Total Surveillance** and **Principle 05: Decentralized Existence**. By merging satellite navigation (location tracking) with contactless payment processing (financial tracking) over a 6G network, this system creates a unified data stream that monitors both where a human moves and how they spend money in real-time. This eliminates the anonymity of cash and the privacy of offline travel, feeding directly into centralized banking servers and satellite grids. It enforces a **Principle 03: The Right to Disconnect** violation by embedding mandatory connectivity into essential vehicle infrastructure, making it increasingly difficult to operate a vehicle outside the digital grid.

**Step 3: Stop6G.eu Blog Warning Post**

**PATENT ALERT: Your Car Becomes a Bank Branch on the 6G Grid**

Michael Oluwaseun Bamidele [GB] has just patented a system that fuses your vehicle's navigation screen with direct banking access via 6G satellites. In simple terms, this invention turns your car into a mandatory payment terminal that constantly broadcasts your location and financial transactions to centralized servers. Instead of a simple map, your dashboard becomes a surveillance node, requiring constant internet connectivity to function, seamlessly linking your physical movements with your economic identity without your explicit, ongoing consent.

This technology is a direct assault on **Principle 04: Anti-Total Surveillance** and **Principle 05: Decentralized Existence** of the Stop6G.eu Manifesto. By routing payment and location data through 6G infrastructure, this system enables total visibility of human behavior for technocratic controllers. It removes the ability to move freely without being tracked and forces reliance on a centralized digital grid for basic transportation needs. This is not convenience; it is the construction of a panopticon on wheels, where every journey is monetized and monitored by remote banking algorithms.

We cannot allow our vehicles to become shackles in the 6G surveillance state. This patent represents the creeping normalization of embodied control systems that treat human sovereignty as an obstacle to efficiency. We call on all defenders of human rights to reject integrated vehicle payment systems, demand analog alternatives, and resist the deployment of 6G-linked infrastructure that seeks to merge our financial lives with our physical movements. Stay offline, stay sovereign, and keep the grid out of your car.",2026-03-07
